#Inserts dos clientes
insert into cliente(cliNome,cliCPF, cliRG,cliTelefone, cliCelular, cliEstado, cliCidade, cliBairro, cliRua, cliNumero)
values("João Paulo de Souza","11111111111","158474524",null,"44999004897","Paraná","Umuarama","Jardim Carolina","Mundo Novo",3474);
insert into cliente(cliNome,cliCPF, cliRG,cliTelefone, cliCelular, cliEstado, cliCidade, cliBairro, cliRua, cliNumero)
values("Leandro Souza Pinheiro","22222222222","112223334",null,"37998475214","Minas Gerais","Formiga","Nossa Senhora de Lourdes","Estacio Resmungao",123);
insert into cliente(cliNome,cliCPF, cliRG,cliTelefone, cliCelular, cliEstado, cliCidade, cliBairro, cliRua, cliNumero)
values("Paulo Henrique Xavier","33333333333","1523245323",null,"37998420784","Minas Gerais","Arcos","Bigodudo","Rua do Bigóde",111);
insert into cliente(cliNome,cliCPF, cliRG,cliTelefone, cliCelular, cliEstado, cliCidade, cliBairro, cliRua, cliNumero)
values("Jefferson Marques","44444444444","198741234",null,"37991548742","Minas Gerais","Arcos","Bigodudo","Rua do Bigóde",112);
insert into cliente(cliNome,cliCPF, cliRG,cliTelefone, cliCelular, cliEstado, cliCidade, cliBairro, cliRua, cliNumero)
values("Belão Mateus Fernandes","55555555555","987874514",null,"15987454125","São Paulo","Osasco","Jardim Roubo","Rua dos ladrões",857);
insert into cliente(cliNome,cliCPF, cliRG,cliTelefone, cliCelular, cliEstado, cliCidade, cliBairro, cliRua, cliNumero)
values("Thalão Henrique","65562131234","123422341",null,"18987412154","São Paulo","Cruzeiro","Itapemirim","Rua das Árvores",4452);
insert into cliente(cliNome,cliCPF, cliRG,cliTelefone, cliCelular, cliEstado, cliCidade, cliBairro, cliRua, cliNumero)
values("Júlio Roberto Pereira","77777777777","169874562",null,"22982369878","Mato Grosso do Sul","Campo Grande","Jardim Matagal","Rua do Mato",1354);
insert into cliente(cliNome,cliCPF, cliRG,cliTelefone, cliCelular, cliEstado, cliCidade, cliBairro, cliRua, cliNumero)
values("Alfredo Pereira Gomes","88888888888","432341234",null,"21978456989","Rio de Janeiro","Rio de Janeiro","Morro do Alemão","Rua Tiro pro Alto",177);
insert into cliente(cliNome,cliCPF, cliRG,cliTelefone, cliCelular, cliEstado, cliCidade, cliBairro, cliRua, cliNumero)
values("Fábio Coutinho da Silva","99999999999","987844562",null,"51965487823","Rio Grande do Sul","Porto Alegre","Jardim das Rosas","Deodoro da Fonseca",8798);
insert into cliente(cliNome,cliCPF, cliRG,cliTelefone, cliCelular, cliEstado, cliCidade, cliBairro, cliRua, cliNumero)
values("Joaquim Santos Domingues","12345678911","654879631",null,"92987852332","Amazonas","Manaus","Feliz Final","Rua do Terraço",268);
insert into cliente(cliNome,cliCPF, cliRG,cliTelefone, cliCelular, cliEstado, cliCidade, cliBairro, cliRua, cliNumero)
values("Marcos Guimarães Faria","78912345678","564587823",null,"71965874521","Bahia","Salvador","Praia do Calorão","Sol do Meio Dia",6542);
insert into cliente(cliNome,cliCPF, cliRG,cliTelefone, cliCelular, cliEstado, cliCidade, cliBairro, cliRua, cliNumero)
values("Wellington Ferreira Prado","45698715478","789874568",null,"62954789555","Goiás","Goiânia","Jardim Flor de Outubro","Rua das Palmeiras",7654);
insert into cliente(cliNome,cliCPF, cliRG,cliTelefone, cliCelular, cliEstado, cliCidade, cliBairro, cliRua, cliNumero)
values("João Victor da Silva Nunes","96325147230","897845216",null,"37999004897","Minas Gerais","Divinópolis","Jardim Laveira","Novo Horizonte",3474);
insert into cliente(cliNome,cliCPF, cliRG,cliTelefone, cliCelular, cliEstado, cliCidade, cliBairro, cliRua, cliNumero)
values("Ricardo Antunes Lacerda","78925874112","865287412",null,"48999004897","Santa Catarina","Florianópolis","Ouro Branco","José Ferreira",8975);
insert into cliente(cliNome,cliCPF, cliRG,cliTelefone, cliCelular, cliEstado, cliCidade, cliBairro, cliRua, cliNumero)
values("Roger Moraes Nobrega","12234565411","458795621",null,"65963214587","Mato Grosso","Cuiabá","Vila Formosa","São Paulo",0983);
insert into cliente(cliNome,cliCPF, cliRG,cliTelefone, cliCelular, cliEstado, cliCidade, cliBairro, cliRua, cliNumero)
values("Miguel Figueiredo Dias","14785236933","625478124",null,"91974589875","Pará","Belém","Vila Carminha","Nunes Filho",1654);
insert into cliente(cliNome,cliCPF, cliRG,cliTelefone, cliCelular, cliEstado, cliCidade, cliBairro, cliRua, cliNumero)
values("Lucas Pacheco Queiroz","87965412365","745236549",null,"82965412598","Alagoas","Maceió","Santos Dumont","Monte Carlo",0985);
insert into cliente(cliNome,cliCPF, cliRG,cliTelefone, cliCelular, cliEstado, cliCidade, cliBairro, cliRua, cliNumero)
values("Bernardo Teles Sampaio ","45169878125","918632529",null,"61998741258","Distrito Federal","Brasília","Novo Hamburgo","Jánio Quadros",0973);
insert into cliente(cliNome,cliCPF, cliRG,cliTelefone, cliCelular, cliEstado, cliCidade, cliBairro, cliRua, cliNumero)
values("Adalberto Novaes Santos","15423216532","895148796",null,"68923479632","Acre","Rio Branco","Boa Esperança","Iguaçu",753);
insert into cliente(cliNome,cliCPF, cliRG,cliTelefone, cliCelular, cliEstado, cliCidade, cliBairro, cliRua, cliNumero)
values("Daniel Soares Filho","25896312457","621478759",null,"85954877896","Ceará","Fortaleza","Alto da Serra","Veneza",8542);
#inserts produtos
insert into produto(proValorCusto, proQuantidadeEstoque, proNome, proMarca, proValidade, proLote, proUnidade)
values(7.0,50,"Refrigerante","Coca-Cola",'2019-01-15',"14a871ge98","LT");
insert into produto(proValorCusto, proQuantidadeEstoque, proNome, proMarca, proValidade, proLote, proUnidade)
values(15.5,25,"Sabão em Pó","OMO",'2019-04-22',"A1fsE21fb","KG");
insert into produto(proValorCusto, proQuantidadeEstoque, proNome, proMarca, proValidade, proLote, proUnidade)
values(8.50,80,"Café","3 Corações",'2019-02-10',"5EfsVxsa12","GR");
insert into produto(proValorCusto, proQuantidadeEstoque, proNome, proMarca, proValidade, proLote, proUnidade)
values(9,50,"Filé de Frango","Big",'2018-12-20',"mEa90sfXeQ","KG");
insert into produto(proValorCusto, proQuantidadeEstoque, proNome, proMarca, proValidade, proLote, proUnidade)
values(7.50,100,"Açucar","Cristal",'2020-07-05',"KjsA12Oeq1","KG");
insert into produto(proValorCusto, proQuantidadeEstoque, proNome, proMarca, proValidade, proLote, proUnidade)
values(4.25,35,"Farinha de Trigo","SM",'2019-12-18',"nE13fx9aN1x","KG");
insert into produto(proValorCusto, proQuantidadeEstoque, proNome, proMarca, proValidade, proLote, proUnidade)
values(15.9, 89, "Arroz", "Codil", '2019-03-06', "KO9847", "KG");
insert into produto(proValorCusto, proQuantidadeEstoque, proNome, proMarca, proValidade, proLote, proUnidade)
values(1.61, 250, "Milho", "Fazendeiro Lucão", '2019-06-02', "LB2424", "KG");
insert into produto(proValorCusto, proQuantidadeEstoque, proNome, proMarca, proValidade, proLote, proUnidade)
values(3.25, 120, "Leite de Boi", "Sonia Leiteira", '2019-04-22', "SL1999", "L");
insert into produto(proValorCusto, proQuantidadeEstoque, proNome, proMarca, proValidade, proLote, proUnidade)
values(31.9, 60, "CD - Regia Danese: Entra na minha casa", "Profanity Records", '2025-05-05', "KK5555", "UN");
insert into produto(proValorCusto, proQuantidadeEstoque, proNome, proMarca, proValidade, proLote, proUnidade)
values(7.05,100, "Farinha", "Vovó Zenilda", '2021-05-12', "OL7824", "KG");
insert into produto(proValorCusto, proQuantidadeEstoque, proNome, proMarca, proValidade, proLote, proUnidade)
values(2.9, 72, "Açucar Refinado","Marca Que o Breno Não Colocou", '2019-06-08', "RE8969", "KG");
insert into produto(proValorCusto, proQuantidadeEstoque, proNome, proMarca, proValidade, proLote, proUnidade)
values(3.89, 67, "Leite", "Cemil", '2018-12-12', "LK7832", "L");
insert into produto(proValorCusto, proQuantidadeEstoque, proNome, proMarca, proValidade, proLote, proUnidade)
values(2.91, 34, "Feijão Carioca", "Codil", '2019-12-12', "PL7532", "KG");
insert into produto(proValorCusto, proQuantidadeEstoque, proNome, proMarca, proValidade, proLote, proUnidade)
values(0.8, 120, "Sabonete", "Lux Sup", '2026-06-02', "LP7812", "UN");
insert into produto(proValorCusto, proQuantidadeEstoque, proNome, proMarca, proValidade, proLote, proUnidade)
values(5.80, 79, "Macarrão", "Divella", '2022-06-05', "QW9856", "KG");
insert into produto(proValorCusto, proQuantidadeEstoque, proNome, proMarca, proValidade, proLote, proUnidade)
values(3.7, 68, "Óleo", "Liza", '2019-09-25',"OL7598", "L");
insert into produto(proValorCusto, proQuantidadeEstoque, proNome, proMarca, proValidade, proLote, proUnidade)
values(9.40, 160, "Suco de Laranja", "One", '2019-06-04', "KA7436", "L");
insert into produto(proValorCusto, proQuantidadeEstoque, proNome, proMarca, proValidade, proLote, proUnidade)
values(2.39, 200, "Batata", "Qualitá", '2018-12-13', "PL7356", "KG");
insert into produto(proValorCusto, proQuantidadeEstoque, proNome, proMarca, proValidade, proLote, proUnidade)
values(4.89, 160, "Tomate", "Qualitá", '2018-12-13', "PK8310", "KG");
insert into produto(proValorCusto, proQuantidadeEstoque, proNome, proMarca, proValidade, proLote, proUnidade)
values(4.99, 65, "Pão de Forma", "Pullman", '2019-01-05', "PO5656", "KG");
insert into produto(proValorCusto, proQuantidadeEstoque, proNome, proMarca, proValidade, proLote, proUnidade)
values(4.35, 64, "Margarina", "Vigor", '2019-04-08', "KL4796", "KG");
insert into produto(proValorCusto, proQuantidadeEstoque, proNome, proMarca, proValidade, proLote, proUnidade)
values(8.98, 54, "Banana da Terra", "Qualitá", '2018-12-13', "PM1679", "KG");
insert into produto(proValorCusto, proQuantidadeEstoque, proNome, proMarca, proValidade, proLote, proUnidade)
values(18.90, 7, "Filé Mignon", "Do Chef", '2018-12-15', "JJ7412", "KG");
insert into produto(proValorCusto, proQuantidadeEstoque, proNome, proMarca, proValidade, proLote, proUnidade)
values(10.75, 65, "Café", "Fazendeiro Lucão", '2019-06-04', "HH4569", "KG");
insert into produto(proValorCusto, proQuantidadeEstoque, proNome, proMarca, proValidade, proLote, proUnidade)
values(5.56, 47, "Maçã", "Gnel", '2019-04-04', "QQ7777", "KG");
#inserts dos funcionarios
insert into funcionario(funNome, funSalario, funCPF, funRG, funTelefone, funCelular, funEstado, funCidade, funBairro, funRua, funNumero)
values("Lucas Mateus", 5000.0, "12345678901", "123456789", "37999999999", "37989999999", "Minas Gerais", "Formiga", "Nossa Senhora de Lurdes", "Rua um", 1);
insert into funcionario(funNome, funSalario, funCPF, funRG, funTelefone, funCelular, funEstado, funCidade, funBairro, funRua, funNumero)
values("Mateus Lucas", 1000.0, "1785678901", "673456789", "37999999990", "37989999990", "Pernambuco", "Olinda", "Nossa Senhora de Olinda", "Rua dois", 2);
insert into funcionario(funNome, funSalario, funCPF, funRG, funTelefone, funCelular, funEstado, funCidade, funBairro, funRua, funNumero)
values("Breno Batista", 3000.0, "12345678986", "123456711", "37999999991", "37989999991", "Rio de Janeiro", "Cabo Frio", "Nossa Senhora de Frio", "Rua tres", 3);
insert into funcionario(funNome, funSalario, funCPF, funRG, funTelefone, funCelular, funEstado, funCidade, funBairro, funRua, funNumero)
values("Saulo Ricardo", 5500.0, "12985678901", "291456789", "37999999992", "37989999992", "Minas Gerais", "Formiga", "Ouro Verde", "Rua quatro", 4);
insert into funcionario(funNome, funSalario, funCPF, funRG, funTelefone, funCelular, funEstado, funCidade, funBairro, funRua, funNumero)
values("Willian Lemos", 15000.0, "12926678901", "009356789", "37999999993", "37989999993", "São Paulo", "Santos", "Bairro Gold", "Rua cinco", 5);
insert into funcionario(funNome, funSalario, funCPF, funRG, funTelefone, funCelular, funEstado, funCidade, funBairro, funRua, funNumero)
values("Muca Muriçoca", 10000.0, "12345678741", "123491789", "37999999994", "37989999994", "Goiás", "Goiânia", "Nossa Senhora do Sertanejo", "Rua seis", 6);
insert into funcionario(funNome, funSalario, funCPF, funRG, funTelefone, funCelular, funEstado, funCidade, funBairro, funRua, funNumero)
values("Eduardo Paiva", 7000.0, "12345078901", "120056789", "37999999995", "37989999995", "Paraná", "Cascavel", "Buraco de cobra", "Rua sete", 7);
insert into funcionario(funNome, funSalario, funCPF, funRG, funTelefone, funCelular, funEstado, funCidade, funBairro, funRua, funNumero)
values("Patrícia Mendes", 4000.0, "12261678901", "127635789", "37999999996", "37989999996", "Minas Gerais", "Lavras", "Nossa Senhora de Lavras", "Rua oito", 8);
insert into funcionario(funNome, funSalario, funCPF, funRG, funTelefone, funCelular, funEstado, funCidade, funBairro, funRua, funNumero)
values("Marília Souza", 6000.0, "13125678901", "023456789", "37999999997", "37989999997", "Rio Grande do Sul", "Porto Alegre", "Nossa Senhora do Frio", "Rua nove", 9);
insert into funcionario(funNome, funSalario, funCPF, funRG, funTelefone, funCelular, funEstado, funCidade, funBairro, funRua, funNumero)
values("Joana Silva", 20000.0, "09345678901", "197156789", "37999999998", "37989999998", "Sergipe", "Pequeno", "Nossa Senhora", "Rua dez", 10);
insert into funcionario(funNome, funSalario, funCPF, funRG, funTelefone, funCelular, funEstado, funCidade, funBairro, funRua, funNumero)
values("José Arantes", 3000.0, "12345078901", "123256789", "37999999909", "37989999909", "Minas Gerais", "Arcos", "Nossa Senhora dos Arcos", "Rua onze", 11);
insert into funcionario(funNome, funSalario, funCPF, funRG, funTelefone, funCelular, funEstado, funCidade, funBairro, funRua, funNumero)
values("Maria José", 9500.0, "12340878901", "123456765", "37999999919", "37989999919", "Santa Catarina", "Florianópolis", "Nossa Santa de Catarina", "Rua doze", 12);
insert into funcionario(funNome, funSalario, funCPF, funRG, funTelefone, funCelular, funEstado, funCidade, funBairro, funRua, funNumero)
values("Ronaldo Orlando", 4400.0, "83018678901", "123456799", "37999999929", "37989999929", "Espírito Santo", "Guarapari", "Nossa Senhora de Praia", "Rua treze", 13);
insert into funcionario(funNome, funSalario, funCPF, funRG, funTelefone, funCelular, funEstado, funCidade, funBairro, funRua, funNumero)
values("Renata Oliveira", 15000.0, "19995678901", "123450289", "37999999939", "37989999939", "Amazonas", "Manaus", "Nossa Senhora da Mata", "Rua quatorze", 14);
insert into funcionario(funNome, funSalario, funCPF, funRG, funTelefone, funCelular, funEstado, funCidade, funBairro, funRua, funNumero)
values("Alexandre Manoel", 2200.0, "12355678901", "123456289", "37999999949", "37989999949", "Ceará", "Juazeiro", "Nossa Senhora da Seca", "Rua quize", 15);
insert into funcionario(funNome, funSalario, funCPF, funRG, funTelefone, funCelular, funEstado, funCidade, funBairro, funRua, funNumero)
values("Luís Henrique", 5050.0, "12345674651", "122856789", "37999999959", "37989999959", "Mato Grosso", "Cuiabá", "Nossa Senhora do Pantanal", "Rua dezesseis", 16);
insert into funcionario(funNome, funSalario, funCPF, funRG, funTelefone, funCelular, funEstado, funCidade, funBairro, funRua, funNumero)
values("Luísa Fransisca", 500.0, "12775678901", "123459989", "37999999969", "37989999969", "São Paulo", "Osasco", "Nossa Senhora da Malandragem", "Rua dezessete", 17);
insert into funcionario(funNome, funSalario, funCPF, funRG, funTelefone, funCelular, funEstado, funCidade, funBairro, funRua, funNumero)
values("Maria Aparecida", 11000.0, "12111678901", "913456789", "37999999979", "37989999979", "São Paulo", "Itú", "Nossa Senhora de Itubaina", "Rua dezoito", 18);
insert into funcionario(funNome, funSalario, funCPF, funRG, funTelefone, funCelular, funEstado, funCidade, funBairro, funRua, funNumero)
values("Manoel Henrique", 4500.0, "00345678901", "123405789", "37999999989", "37989999989", "Paraíba", "João Pessoa", "Nossa Senhora de Pessoas", "Rua dezenove", 19);
insert into funcionario(funNome, funSalario, funCPF, funRG, funTelefone, funCelular, funEstado, funCidade, funBairro, funRua, funNumero)
values("Mateus Vinícius", 7550.0, "12766678901", "128302889", "37999999199", "37989999199", "Minas Gerais", "Bambuí", "Nossa Senhora de Bambuí", "Rua vinte", 20);
#Inserts de Fornecedor
insert into fornecedor(forNomeFantasia, forRazaoSocial, forInscricaoEstadual, forCNPJ, forTelefone, forCelular, forEstado, forCidade, forBairro, forRua, forNumero) 
values("Jardim Salgados", "Jardim BBzinho","355892192140","53712206000100", "3733213125","47999815125","Minas Gerais","Formiga","Bela Vista","Deolinda Da Costa",450);
insert into fornecedor(forNomeFantasia, forRazaoSocial, forInscricaoEstadual, forCNPJ, forTelefone, forCelular, forEstado, forCidade, forBairro, forRua, forNumero) 
values("Carnes Aroldo", "Carnificina","004039611070","69774508000143", "3733225543","37999255243","Minas Gerais","Arcos","Betovem Justos","Irineu",10);
insert into fornecedor(forNomeFantasia, forRazaoSocial, forInscricaoEstadual, forCNPJ, forTelefone, forEstado, forCidade, forBairro, forRua, forNumero) 
values("Balas Sandra", "Sandrinha Dolces","697162238698","95115947000154", "37999812641","Minas Gerais","Corrego Fundo","Jose Serra","Novo Costa",9);
insert into fornecedor(forNomeFantasia, forRazaoSocial, forInscricaoEstadual, forCNPJ, forTelefone, forEstado, forCidade, forBairro, forRua, forNumero) 
values("Casa Parafusos", "Parafusadores do Sertão","328810082074","46258367000100", "40999888882","Minas Gerais","Lagoa da Prata","Vila dos Metalurgicos","Parafusinhos",9051);
insert into fornecedor(forNomeFantasia, forRazaoSocial, forInscricaoEstadual, forCNPJ, forTelefone, forEstado, forCidade, forBairro, forRua, forNumero) 
values("Matadouro", "Mata Onça","798923109922","50289962000180", "99888777666","Minas Gerais","Formiga","Jardiim Alvorada","Henrique Brandao",87);
insert into fornecedor(forNomeFantasia, forRazaoSocial, forInscricaoEstadual, forCNPJ, forTelefone, forCelular, forEstado, forCidade, forBairro, forRua, forNumero) 
values("Casa de rolinha", "Rolinhas Grandes","016933270983","95010989000120", "37898652126","78986543256","Minas Gerais","Corrego Fundo","Irine Braga","Novo Horizontinho",767);
insert into fornecedor(forNomeFantasia, forRazaoSocial, forInscricaoEstadual, forCNPJ, forTelefone, forCelular, forEstado, forCidade, forBairro, forRua, forNumero) 
values("Pao de queijo", "Minas queijos","743453360262","27276115000160", "37876544756","37086543248","Minas Gerais","Sete Lagoas","Lagoa Azul","Jose da Silveira",937);
insert into fornecedor(forNomeFantasia, forRazaoSocial, forInscricaoEstadual, forCNPJ, forTelefone, forCelular, forEstado, forCidade, forBairro, forRua, forNumero) 
values("Kasa da Mamãe Franga", "Frangos","010209161300","12859401000180", "37998628261","37999888777","Minas Gerais","Belo Horizonte","Jose Vilano","Ratao Azul",24);
insert into fornecedor(forNomeFantasia, forRazaoSocial, forInscricaoEstadual, forCNPJ, forTelefone, forCelular, forEstado, forCidade, forBairro, forRua, forNumero) 
values("Angus e Cia", "Angus","058909650009","35331059000147", "37987654378","37098753781","São Paulo","São Paulo","Joao Serra Souza","Agua Vermelha",241);
insert into fornecedor(forNomeFantasia, forRazaoSocial, forInscricaoEstadual, forCNPJ, forTelefone, forCelular, forEstado, forCidade, forBairro, forRua, forNumero) 
values("Baby Branco Arroz", "Baby Arroz","716796419869","79530882000157", "37999765308","37986191620","Rio de Janeiro","Rio de Janeiro","Rocinha da Lapa","Virando as Botas",69);
insert into fornecedor(forNomeFantasia, forRazaoSocial, forInscricaoEstadual, forCNPJ, forTelefone, forCelular, forEstado, forCidade, forBairro, forRua, forNumero) 
values("Queijo do Irineu", "Queijos Azuis","763644212156","30428422000123", "409998887700","Paraná","40999888777","Umuarama","Guratingueta do norte","Rolandia Pretaça",1903);
insert into fornecedor(forNomeFantasia, forRazaoSocial, forInscricaoEstadual, forCNPJ, forTelefone, forCelular, forEstado, forCidade, forBairro, forRua, forNumero) 
values("Barak Fraldas", "Fraldas Brancas do Barak","779626877950","01983353000111", "37999000888","37888777666","Minas Gerais","Formiga","Sagrado Coracao","Abilio Machado",290);
insert into fornecedor(forNomeFantasia, forRazaoSocial, forInscricaoEstadual, forCNPJ, forTelefone, forCelular, forEstado, forCidade, forBairro, forRua, forNumero) 
values("Presuntos BH", "Presultos BH","694921183561","21785195000100", "37909888777","41999888775","Minas Gerais","Corrego Fundo","Areia Seca","Rodinha Da Laje",22);
insert into fornecedor(forNomeFantasia, forRazaoSocial, forInscricaoEstadual, forCNPJ, forTelefone, forCelular, forEstado, forCidade, forBairro, forRua, forNumero) 
values("Agua Mineral Arcos", "Arcos Aguas","228185354727","96444470000113", "37999555432","37909855543","Minas Gerais","Formiga","Centro","Henrique Braga",221);
insert into fornecedor(forNomeFantasia, forRazaoSocial, forInscricaoEstadual, forCNPJ, forTelefone, forCelular, forEstado, forCidade, forBairro, forRua, forNumero) 
values("Dolores Empadas", "Dolores Empadas","786507382442","49980265000192", "37888666555","37999812648","Minas Gerais","Formiga","Areias Brancas","Center Ruas",931);
insert into fornecedor(forNomeFantasia, forRazaoSocial, forInscricaoEstadual, forCNPJ, forTelefone, forCelular, forEstado, forCidade, forBairro, forRua, forNumero) 
values("Loras Shampoo", "Shampoos Loras","774438130283","68274344000122", "76875682918","76789086","Minas Gerais","Formiga","Centro","Padilha Brancas",1);
insert into fornecedor(forNomeFantasia, forRazaoSocial, forInscricaoEstadual, forCNPJ, forTelefone, forCelular, forEstado, forCidade, forBairro, forRua, forNumero) 
values("Joaninha Salgadinhos", "Joaninha Salgadinhos","398473633392","23252851000127", "379876469172","37975162816","Minas Gerais","Divinopolis","Centro","Rua Judas",2816);
insert into fornecedor(forNomeFantasia, forRazaoSocial, forInscricaoEstadual, forCNPJ, forTelefone, forCelular, forEstado, forCidade, forBairro, forRua, forNumero) 
values("Bacalhau Azedo", "Bacalhau Azedo","480066498552","60676698000191", "45654272644","45765281726","São Paulo","São Paulo","Boas Viendies","Jose Preto",2761);
insert into fornecedor(forNomeFantasia, forRazaoSocial, forInscricaoEstadual, forCNPJ, forTelefone, forCelular, forEstado, forCidade, forBairro, forRua, forNumero) 
values("Papel De Rondonia", "Papiros Rondonianos","485695067530","47029079000147", "37888999000","37888999816","Minas Gerais","Formiga","Centro","Jose Serrinha",871);
insert into fornecedor(forNomeFantasia, forRazaoSocial, forInscricaoEstadual, forCNPJ, forTelefone, forCelular, forEstado, forCidade, forBairro, forRua, forNumero) 
values("Kasa da Mandioca Preta", "Mandioca Pretinha","698955366283","14211439000178", "37986543797","37988654162","Minas Gerais","Corrego Fundo","Boa Morte","Joao Azul",8);
insert into fornecedor(forNomeFantasia, forRazaoSocial, forInscricaoEstadual, forCNPJ, forTelefone, forCelular, forEstado, forCidade, forBairro, forRua, forNumero) 
values("Loras Shampoo", "Shampoos Loras","774438130283","68274344000122", "76875682918","76789086","Minas Gerais","Sete Lagoas","Centro","Padilha Brancas",1);
#Inserts do caixa
insert into caixa(caiHoraAbertura,caiHoraFechamento,caiData,CaiValorAbertura,caiValorFechamento,caiStatus)
values('08:05',null,'2018-11-17',183.65,null,true);
insert into caixa(caiHoraAbertura,caiHoraFechamento,caiData,CaiValorAbertura,caiValorFechamento,caiStatus)
values('08:05',null,'2018-11-17',164.15,null,true);
insert into caixa(caiHoraAbertura,caiHoraFechamento,caiData,CaiValorAbertura,caiValorFechamento,caiStatus)
values('08:05',null,'2018-11-17',226.90,null,true);
insert into caixa(caiHoraAbertura,caiHoraFechamento,caiData,CaiValorAbertura,caiValorFechamento,caiStatus)
values('14:05',null,'2018-11-17',93.55,null,true);
insert into caixa(caiHoraAbertura,caiHoraFechamento,caiData,CaiValorAbertura,caiValorFechamento,caiStatus)
values('14:05',null,'2018-11-17',132.50,null,true);
insert into caixa(caiHoraAbertura,caiHoraFechamento,caiData,CaiValorAbertura,caiValorFechamento,caiStatus)
values('14:05',null,'2018-11-17',230.10,null,true);
insert into caixa(caiHoraAbertura,caiHoraFechamento,caiData,CaiValorAbertura,caiValorFechamento,caiStatus)
values('18:05',null,'2018-11-17',65.60,null,true);
insert into caixa(caiHoraAbertura,caiHoraFechamento,caiData,CaiValorAbertura,caiValorFechamento,caiStatus)
values('18:05',null,'2018-11-17',190.80,null,true);
insert into caixa(caiHoraAbertura,caiHoraFechamento,caiData,CaiValorAbertura,caiValorFechamento,caiStatus)
values('18:05',null,'2018-11-17',154.25,null,true);
insert into caixa(caiHoraAbertura,caiHoraFechamento,caiData,CaiValorAbertura,caiValorFechamento,caiStatus)
values('18:05',null,'2018-11-17',200.00,null,true);
#Inserts da venda
insert into venda(venValorTotal,venData,venHora,ven_cliCodigo,ven_funCodigo,caixa_caiCodigo)
values(250.58,'2018-11-17','08:36',2,1,1);
insert into venda(venValorTotal,venData,venHora,ven_cliCodigo,ven_funCodigo,caixa_caiCodigo)
values(86.98,'2018-11-17','08:55',3,4,5);
insert into venda(venValorTotal,venData,venHora,ven_cliCodigo,ven_funCodigo,caixa_caiCodigo)
values(152.64,'2018-11-17','09:16',5,3,6);
insert into venda(venValorTotal,venData,venHora,ven_cliCodigo,ven_funCodigo,caixa_caiCodigo)
values(380.82,'2018-11-17','09:36',9,1,1);
insert into venda(venValorTotal,venData,venHora,ven_cliCodigo,ven_funCodigo,caixa_caiCodigo)
values(61.45,'2018-11-17','09:56',4,4,7);
insert into venda(venValorTotal,venData,venHora,ven_cliCodigo,ven_funCodigo,caixa_caiCodigo)
values(50.03,'2018-11-17','14:26',15,18,1);
insert into venda(venValorTotal,venData,venHora,ven_cliCodigo,ven_funCodigo,caixa_caiCodigo)
values(352.76,'2018-11-17','14:42',12,14,5);
insert into venda(venValorTotal,venData,venHora,ven_cliCodigo,ven_funCodigo,caixa_caiCodigo)
values(27.49,'2018-11-17','15:23',7,17,3);
insert into venda(venValorTotal,venData,venHora,ven_cliCodigo,ven_funCodigo,caixa_caiCodigo)
values(210.09,'2018-11-17','18:36',16,15,2);
insert into venda(venValorTotal,venData,venHora,ven_cliCodigo,ven_funCodigo,caixa_caiCodigo)
values(109.73,'2018-11-17','19:06',18,12,9);
#Inserts do item_venda
insert into item_venda(itvQuantidade,itvDesconto,itvValorUnitario,itv_proCodigo,itv_venCodigo)
values(5,0,35.0,1,2);
insert into item_venda(itvQuantidade,itvDesconto,itvValorUnitario,itv_proCodigo,itv_venCodigo)
values(2,2.0,29.0,2,3);
insert into item_venda(itvQuantidade,itvDesconto,itvValorUnitario,itv_proCodigo,itv_venCodigo)
values(3,0,25.5,3,4);
insert into item_venda(itvQuantidade,itvDesconto,itvValorUnitario,itv_proCodigo,itv_venCodigo)
values(4,5,31.0,4,5);
insert into item_venda(itvQuantidade,itvDesconto,itvValorUnitario,itv_proCodigo,itv_venCodigo)
values(1,0,7.50,5,6);
insert into item_venda(itvQuantidade,itvDesconto,itvValorUnitario,itv_proCodigo,itv_venCodigo)
values(2,0,8.50,6,3);
insert into item_venda(itvQuantidade,itvDesconto,itvValorUnitario,itv_proCodigo,itv_venCodigo)
values(5,5.50,74.0,7,4);
insert into item_venda(itvQuantidade,itvDesconto,itvValorUnitario,itv_proCodigo,itv_venCodigo)
values(3,0,4.83,8,1);
insert into item_venda(itvQuantidade,itvDesconto,itvValorUnitario,itv_proCodigo,itv_venCodigo)
values(4,2,11.0,9,4);
insert into item_venda(itvQuantidade,itvDesconto,itvValorUnitario,itv_proCodigo,itv_venCodigo)
values(1,0,31.90,10,3); 
#Inserte tabela Compra
insert into compra(comData, comHora,comValor,com_funCodigo,com_forCodigo)
values("2018-12-25","10:20",200.70,1,1);
insert into compra(comData, comHora,comValor,com_funCodigo,com_forCodigo)
values("2018-10-21","11:29",90.62,1,2); 
insert into compra(comData, comHora,comValor,com_funCodigo,com_forCodigo)
values("2018-11-01","05:29",10.72,7,10);
insert into compra(comData, comHora,comValor,com_funCodigo,com_forCodigo)
values("2018-05-29","19:29",11.76,19,12);
insert into compra(comData, comHora,comValor,com_funCodigo,com_forCodigo)
values("2018-12-01","17:00",50.00,5,5);
insert into compra(comData, comHora,comValor,com_funCodigo,com_forCodigo)
values("2018-02-13","11:30",25.20,7,4);
insert into compra(comData, comHora,comValor,com_funCodigo,com_forCodigo)
values("2018-10-21","11:29",200,2,19);
insert into compra(comData, comHora,comValor,com_funCodigo,com_forCodigo)
values("2018-11-15","14:32",2020.21,20,20);
insert into compra(comData, comHora,comValor,com_funCodigo,com_forCodigo)
values("2018-12-30","15:09",22.90,3,9);
insert into compra(comData, comHora,comValor,com_funCodigo,com_forCodigo)
values("2018-10-15","12:29",157.79,5,1);   
#Inserte tabela item Compra
insert into item_compra(itc_proCodigo,itcQuantidade,itcValorUnitario,itc_comCodigo)
values(1,700,700,1);
insert into item_compra(itc_proCodigo,itcQuantidade,itcValorUnitario,itc_comCodigo)
values(2,50,20.99,2);
insert into item_compra(itc_proCodigo,itcQuantidade,itcValorUnitario,itc_comCodigo)
values(3,71,72.99,3);
insert into item_compra(itc_proCodigo,itcQuantidade,itcValorUnitario,itc_comCodigo)
values(4,7,2.78,4);
insert into item_compra(itc_proCodigo,itcQuantidade,itcValorUnitario,itc_comCodigo)
values(5,60,99.12,5);
insert into item_compra(itc_proCodigo,itcQuantidade,itcValorUnitario,itc_comCodigo)
values(6,70,71.91,5);
insert into item_compra(itc_proCodigo,itcQuantidade,itcValorUnitario,itc_comCodigo)
values(7,87,32,4);
insert into item_compra(itc_proCodigo,itcQuantidade,itcValorUnitario,itc_comCodigo)
values(8,788,98.00,8);
insert into item_compra(itc_proCodigo,itcQuantidade,itcValorUnitario,itc_comCodigo)
values(9,502,120.98,7);
insert into item_compra(itc_proCodigo,itcQuantidade,itcValorUnitario,itc_comCodigo)
values(10,712,7000,2);
insert into item_compra(itc_proCodigo,itcQuantidade,itcValorUnitario,itc_comCodigo)
values(11,12,2986.98,3);
insert into item_compra(itc_proCodigo,itcQuantidade,itcValorUnitario,itc_comCodigo)
values(12,871,10000.90,4);
insert into item_compra(itc_proCodigo,itcQuantidade,itcValorUnitario,itc_comCodigo)
values(13,776,721,5);
insert into item_compra(itc_proCodigo,itcQuantidade,itcValorUnitario,itc_comCodigo)
values(14,98,72,6);
insert into item_compra(itc_proCodigo,itcQuantidade,itcValorUnitario,itc_comCodigo)
values(15,1,22.60,7);
insert into item_compra(itc_proCodigo,itcQuantidade,itcValorUnitario,itc_comCodigo)
values(16,89,99.01,8);
insert into item_compra(itc_proCodigo,itcQuantidade,itcValorUnitario,itc_comCodigo)
values(17,12,100,9);
insert into item_compra(itc_proCodigo,itcQuantidade,itcValorUnitario,itc_comCodigo)
values(18,98,178.00,1);
insert into item_compra(itc_proCodigo,itcQuantidade,itcValorUnitario,itc_comCodigo)
values(19,8100,10000,2);
insert into item_compra(itc_proCodigo,itcQuantidade,itcValorUnitario,itc_comCodigo)
values(20,87,123.08,4);
#inserte na tabela conta_pagar
insert into conta_pagar(ctrData,ctrFormaPagamento,ctrQuantidadeParcelas,ctrValorParcelas,ctrDiaVencimentos,ctr_comCodigo)
values("2018-09-12","Cartao Credito",10,2,25,1);
insert into conta_pagar(ctrData,ctrFormaPagamento,ctrQuantidadeParcelas,ctrValorParcelas,ctrDiaVencimentos,ctr_comCodigo)
values("2018-10-11","A vista",1,200,2,2);
insert into conta_pagar(ctrData,ctrFormaPagamento,ctrQuantidadeParcelas,ctrValorParcelas,ctrDiaVencimentos,ctr_comCodigo)
values("2018-11-12","Cartao Debito",25,20,10,3);
insert into conta_pagar(ctrData,ctrFormaPagamento,ctrQuantidadeParcelas,ctrValorParcelas,ctrDiaVencimentos,ctr_comCodigo)
values("2018-09-01","Boleto bancario",20,41,5,4);
insert into conta_pagar(ctrData,ctrFormaPagamento,ctrQuantidadeParcelas,ctrValorParcelas,ctrDiaVencimentos,ctr_comCodigo)
values("2018-10-31","Cartao Credito",25,100,20,5);
insert into conta_pagar(ctrData,ctrFormaPagamento,ctrQuantidadeParcelas,ctrValorParcelas,ctrDiaVencimentos,ctr_comCodigo)
values("2018-05-19","Cartao Debito",2,1000,13,6);
insert into conta_pagar(ctrData,ctrFormaPagamento,ctrQuantidadeParcelas,ctrValorParcelas,ctrDiaVencimentos,ctr_comCodigo)
values("2018-02-28","A vista",1,1000,30,7);
insert into conta_pagar(ctrData,ctrFormaPagamento,ctrQuantidadeParcelas,ctrValorParcelas,ctrDiaVencimentos,ctr_comCodigo)
values("2018-10-30","Cartao Credito",15,200,30,8);
insert into conta_pagar(ctrData,ctrFormaPagamento,ctrQuantidadeParcelas,ctrValorParcelas,ctrDiaVencimentos,ctr_comCodigo)
values("2018-08-16","Cartao Debito",5,105,30,9);
insert into conta_pagar(ctrData,ctrFormaPagamento,ctrQuantidadeParcelas,ctrValorParcelas,ctrDiaVencimentos,ctr_comCodigo)
values("2018-12-12","Boleto Bancario",10,2,25,10);
#inserte na tabela pagamento
insert into pagamento(pagData,pagHora,pagValorPago,pagStatus,pag_ctpCodigo)
values("2018-12-25","10:10",5,false,1);
insert into pagamento(pagData,pagHora,pagValorPago,pagStatus,pag_ctpCodigo)
values("2018-10-11","12:16",200,true,2);
insert into pagamento(pagData,pagHora,pagValorPago,pagStatus,pag_ctpCodigo)
values("2018-11-12","10:39",4,false,3);
insert into pagamento(pagData,pagHora,pagValorPago,pagStatus,pag_ctpCodigo)
values("2018-09-01","17:19",70,false,4);
insert into pagamento(pagData,pagHora,pagValorPago,pagStatus,pag_ctpCodigo)
values("2018-11-30","19:30",25000,true,5);
insert into pagamento(pagData,pagHora,pagValorPago,pagStatus,pag_ctpCodigo)
values("2018-05-19","16:16",1000,false,6);
#inserts da conta_receber
insert into conta_receber(ctrData,ctrFormaRecebimento,ctrQuantidadeParcelas,ctrValorParcelas,ctrDiaVencimentos,ctr_venCodigo)
values('2018-11-17',"Cartão de Débito",1,250.58,"17",1);
insert into conta_receber(ctrData,ctrFormaRecebimento,ctrQuantidadeParcelas,ctrValorParcelas,ctrDiaVencimentos,ctr_venCodigo)
values('2018-11-17',"Cartão de Crédito",2,152.64,"17",3);
insert into conta_receber(ctrData,ctrFormaRecebimento,ctrQuantidadeParcelas,ctrValorParcelas,ctrDiaVencimentos,ctr_venCodigo)
values('2018-11-17',"À Vista",1,86.98,"17",2);
insert into conta_receber(ctrData,ctrFormaRecebimento,ctrQuantidadeParcelas,ctrValorParcelas,ctrDiaVencimentos,ctr_venCodigo)
values('2018-11-17',"Caderneta",3,380.52,"15",4);
insert into conta_receber(ctrData,ctrFormaRecebimento,ctrQuantidadeParcelas,ctrValorParcelas,ctrDiaVencimentos,ctr_venCodigo)
values('2018-11-17',"À Vista",1,61.45,"17",5);
insert into conta_receber(ctrData,ctrFormaRecebimento,ctrQuantidadeParcelas,ctrValorParcelas,ctrDiaVencimentos,ctr_venCodigo)
values('2018-11-17',"Caderneta",4,352.76,"10",7);
insert into conta_receber(ctrData,ctrFormaRecebimento,ctrQuantidadeParcelas,ctrValorParcelas,ctrDiaVencimentos,ctr_venCodigo)
values('2018-11-17',"Cartão de Débito",1,50.03,"17",6);
insert into conta_receber(ctrData,ctrFormaRecebimento,ctrQuantidadeParcelas,ctrValorParcelas,ctrDiaVencimentos,ctr_venCodigo)
values('2018-11-17',"Cartão de Crédito",1,27.49,"17",8);
insert into conta_receber(ctrData,ctrFormaRecebimento,ctrQuantidadeParcelas,ctrValorParcelas,ctrDiaVencimentos,ctr_venCodigo)
values('2018-11-17',"À Vista",1,109.73,"17",10);
insert into conta_receber(ctrData,ctrFormaRecebimento,ctrQuantidadeParcelas,ctrValorParcelas,ctrDiaVencimentos,ctr_venCodigo)
values('2018-11-17',"Cartão de Crédito",3,210.09,"17",9);
#inserts do recebimento
insert into recebimento(recData,recHora,recValorRecebido,recStatus,rec_ctrCodigo)
values('2018-11-17','08:36:09',250.58,true,1);
insert into recebimento(recData,recHora,recValorRecebido,recStatus,rec_ctrCodigo)
values('2018-11-17','08:55:06',86.98,true,3);
insert into recebimento(recData,recHora,recValorRecebido,recStatus,rec_ctrCodigo)
values('2018-11-17','09:16:13',152.64,true,2);
insert into recebimento(recData,recHora,recValorRecebido,recStatus,rec_ctrCodigo)
values('2018-11-17','09:56:09',61.45,true,5);
insert into recebimento(recData,recHora,recValorRecebido,recStatus,rec_ctrCodigo)
values('2018-11-17','14:26:14',61.45,true,7);
insert into recebimento(recData,recHora,recValorRecebido,recStatus,rec_ctrCodigo)
values('2018-11-17','15:23:11',27.49,true,8);
insert into recebimento(recData,recHora,recValorRecebido,recStatus,rec_ctrCodigo)
values('2018-11-17','18:36:08',210.09,true,10);
insert into recebimento(recData,recHora,recValorRecebido,recStatus,rec_ctrCodigo)
values('2018-11-17','19:06:07',109.73,true,9);